ID,Name,Age,Salary
842,Charlie,57,56472.802961312686
332,Charlie,32,79793.20375281002
216,Bob,51,36656.325933174216
354,Bob,27,61123.53902353476
461,Alice,39,43267.34204867501
